Nest_ID,Picture
GBK11,ATT2008_Osprey_Nest_GBK112305220950.jpg
FLL31,ATT2009_Osprey_Nest_FLL312306231134.jpg
FLL35,ATT2010_Osprey_Nest_FLL352306231145.jpg
FLL32,ATT2011_Osprey_Nest_FLL322306231200.jpg
FLL04,ATT2012_Osprey_Nest_FLL042306231219.jpg
FLL36,ATT2013_Osprey_Nest_FLL362306231350.jpg
FLL28,ATT2014_Osprey_Nest_FLL282306231416.jpg
FLL36,ATT2017_Osprey_Nest_FLL362307131204.jpg
FLL35,ATT2018_Osprey_Nest_FLL352307131259.jpg
FLL31,ATT2019_Osprey_Nest_FLL312307131308.jpg
FLL04,ATT2022_Osprey_Nest_FLL042307131407.jpg
FLL34,ATT2023_Osprey_Nest_FLL342307131457.jpg
CRB14,ATT2024_Osprey_Nest_CRB142307181101.jpg
SKH14,ATT2408_Osprey_Nest_SKH142305221013.jpg
SKH12,ATT2409_Osprey_Nest_SKH122305221021.jpg
SCH15,ATT2410_Osprey_Nest_SCH15_2305221035.jpg
SCH02,ATT2411_Osprey_Nest_SCH022305221045.jpg
MMP08,ATT2413_Osprey_Nest_MMP082305221122.jpg
CRB06,ATT2415_Osprey_Nest_CRB062305221147.jpg
CRB13,ATT2416_Osprey_Nest_CRB132305221157.jpg
CRB10,ATT2417_Osprey_Nest_CRB102305221209.jpg
CRB10,ATT2419_Osprey_Nest_CRB102305221210.jpg
CRB12,ATT2420_Osprey_Nest_CRB122305221212.jpg
CAB10,ATT2421_Osprey_Nest_CAB102305221236.jpg
RUP04,ATT2423_Osprey_Nest_RUP042305221400.jpg
RUP04,ATT2424_Osprey_Nest_RUP042305221401.jpg
RUP07,ATT2425_Osprey_Nest_RUP072305221409.jpg
EMB22,ATT2426_Osprey_Nest_EMB222305221426.jpg
EMB31,ATT2427_Osprey_Nest_EMB312305221431.jpg
EMB29,ATT2428_Osprey_Nest_EMB292305221434.jpg
EMB26,ATT2429_Osprey_Nest_EMB262305221437.jpg
EMB27,ATT2430_Osprey_Nest_EMB272305221441.jpg
EMB27,ATT2431_Osprey_Nest_EMB272305221442.jpg
EMB05,ATT2432_Osprey_Nest_EMB052305221449.jpg
EMB14,ATT2433_Osprey_Nest_EMB142305221445.jpg
EMB09,ATT2434_Osprey_Nest_EMB092305221449.jpg
EMB30,ATT2435_Osprey_Nest_EMB302305221452.jpg
EMB02,ATT2436_Osprey_Nest_EMB022305221501.jpg
SLT06,ATT2437_Osprey_Nest_SLT062305221508.jpg
CAB10,ATT2438_Osprey_Nest_CAB102307181123.jpg
EMB22,ATT2439_Osprey_Nest_EMB222307181321.jpg
Emb38,ATT2440_Osprey_Nest_Emb382307181337.jpg
Emb38,ATT2441_Osprey_Nest_Emb382307181338.jpg
